name,width,height,gx_format,kind,uses,first_seen_in
tex1_64x64_m_4045523557ee9e55_3,64,64,3,particle,82,data/bosshanachanJpa.szs:/ms_boha_crash_a.jpa
tex1_64x64_m_fa336337ac7fcc66_1,64,64,1,particle,198,data/bosshanachanJpa.szs:/ms_boha_hamon_b.jpa
tex1_64x64_m_98586dd0db50d1b1_3,64,64,3,particle,295,data/bosshanachanJpa.szs:/ms_boha_jouki2_l_a.jpa
tex1_32x32_m_bdf498cc622a5b89_3,32,32,3,particle,26,data/bosshanachanJpa.szs:/ms_boha_sand.jpa
tex1_32x64_18b2e1aea5f65098_25d28a606723d559_9,32,64,9,image,1,data/common.szs:/card/mario_icon.bti
tex1_96x32_bdd42c92cd789e32_2caed0f8edec9673_9,96,32,9,image,1,data/common.szs:/card/mariobnr.bti
tex1_64x64_2d76dc420c11546c_3,64,64,3,model,2,data/common.szs:/cursor_b/default.bmd
tex1_64x64_a06c2528a0c66a92_1,64,64,1,image,1,data/common.szs:/map/clean.bti
tex1_64x64_3b860f8f61ca0156_1,64,64,1,image,1,data/common.szs:/map/pollute.bti
tex1_32x32_9d1ac64662d9474d_1,32,32,1,model,227,data/common.szs:/map/sun_mirror.bmd
tex1_64x64_7e14bcc72be82e94_1,64,64,1,model,2,data/common.szs:/map/sun_mirror.bmd
tex1_128x128_148f972bf17ffd5a_1,128,128,1,model,1,data/common.szs:/map/underwater.bmd
tex1_8x8_34d87d8d971fe33a_0,8,8,0,model,345,data/common.szs:/map/underwater.bmd
tex1_128x128_0da5b9312619293c_0,128,128,0,font,1,data/common.szs:/test_fontex.bfn
tex1_128x128_2f2a915c830f66d7_0,128,128,0,font,1,data/common.szs:/test_fontex.bfn
tex1_128x128_395ffbc8ac6a3ec5_0,128,128,0,font,1,data/common.szs:/test_fontex.bfn
tex1_128x128_4e754c19e5dd7813_0,128,128,0,font,1,data/common.szs:/test_fontex.bfn
tex1_128x128_530cd813a91d5ecd_0,128,128,0,font,1,data/common.szs:/test_fontex.bfn
tex1_128x128_5cbb5db83ae9b61a_0,128,128,0,font,1,data/common.szs:/test_fontex.bfn
tex1_128x128_7d9aeb650d6cef47_0,128,128,0,font,1,data/common.szs:/test_fontex.bfn
tex1_128x128_912cfea8554665eb_0,128,128,0,font,1,data/common.szs:/test_fontex.bfn
tex1_128x128_f4860a9449ea1bcb_0,128,128,0,font,1,data/common.szs:/test_fontex.bfn
tex1_128x128_fb6411cf46954f3a_0,128,128,0,font,1,data/common.szs:/test_fontex.bfn
tex1_64x64_a34efc0fcaf1d190_1,64,64,1,image,1,data/common.szs:/timg/down_osen.bti
tex1_64x64_8654dfc28d9c9647_1,64,64,1,image,1,data/common.szs:/timg/h_marukage_xlu_i8.bti
tex1_1x64_e546fa33f7e17a31_0,1,64,0,image,3,data/endsave.szs:/timg/juice_mask.bti
tex1_74x30_7135052032d6d36c_2,74,30,2,image,3,data/endsave.szs:/timg/select_cancel.bti
tex1_332x1_09563f800752359c_1,332,1,1,image,1,data/game_6.szs:/timg/message_back_1.bti
tex1_8x1_ff10223616c08787_0,8,1,0,image,1,data/game_6.szs:/timg/message_board_0.bti
tex1_32x100_5e1da8f0e3aef567_0,32,100,0,image,1,data/game_6.szs:/timg/message_board_1.bti
tex1_32x100_0c05b4e9d2fb1bca_0,32,100,0,image,1,data/game_6.szs:/timg/message_board_2.bti
tex1_8x8_ff10223616c08787_0,8,8,0,image,112,data/game_6.szs:/timg/sc_mask.bti
tex1_8x8_0a87e259c524a5d8_0,8,8,0,image,1,data/game_6.szs:/timg/telop_window_1.bti
tex1_8x8_31fac1826440ee46_0,8,8,0,image,1,data/game_6.szs:/timg/telop_window_2.bti
tex1_8x8_7cbd1245339e6d49_0,8,8,0,image,1,data/game_6.szs:/timg/telop_window_3.bti
tex1_8x8_e4b383fc9bacc672_0,8,8,0,image,1,data/game_6.szs:/timg/telop_window_4.bti
tex1_4x4_032f738bda73f930_2,4,4,2,image,1,data/guide.szs:/timg/guide_frame.bti
tex1_64x1_72e2b3696eb73d10_0,64,1,0,image,1,data/guide.szs:/timg/guide_grid_1.bti
tex1_8x8_90720e222896f2f7_2,8,8,2,image,1,data/guide.szs:/timg/guide_window.bti
tex1_64x64_8ef445587f41c1b0_2,64,64,2,model,1,data/mario.szs:/01_waterboost/01_waterboost.bmd
tex1_64x64_938bda4466a96590_1,64,64,1,model,2,data/mario.szs:/01_waterboost/01_waterboost.bmd
tex1_64x64_ed46a33b03c3c3b8_1,64,64,1,model,100,data/mario.szs:/01_waterboost/01_waterboost.bmd
tex1_64x64_2a35cbca043026ef_1,64,64,1,model,101,data/mario.szs:/04_tobikomi/04_tobikomi.bmd
tex1_64x64_99eead530737f076_1,64,64,1,model,74,data/mario.szs:/04_tobikomi/04_tobikomi.bmd
tex1_32x32_bed8fbefe21d43cb_0,32,32,0,model,6114,data/mario.szs:/bmd/ma_cap1.bmd
tex1_32x64_f91b1613e8bc1b66_0,32,64,0,model,2,data/mario.szs:/bmd/ma_cap1.bmd
tex1_32x64_ec0eed0906bae97d_0,32,64,0,model,4,data/mario.szs:/bmd/ma_hnd2l.bmd
tex1_64x64_c76a103bc06c5211_0,64,64,0,model,12,data/mario.szs:/bmd/ma_mdl1.bmd
tex1_64x64_73ae7a1b8445bd72_14,64,64,14,model,2,data/mario.szs:/bmd/yoshi_tongue.bmd
tex1_32x32_m_047d3545d065744e_3,32,32,3,particle,44,data/mario.szs:/timg/ms_m_blur3.jpa
tex1_32x32_m_6e1df1b6f4edc0f9_3,32,32,3,particle,20,data/mario.szs:/timg/ms_m_blur3.jpa
tex1_32x32_m_bf2fdae90a3e9422_3,32,32,3,image,1,data/mario.szs:/timg/waterclipmip.bti
tex1_32x32_m_39a238326fe6ca4b_0,32,32,0,image,1,data/mario.szs:/timg/waterjumping.bti
tex1_32x32_m_ee58e01f8031e366_3,32,32,3,image,1,data/mario.szs:/timg/waterref.bti
tex1_32x32_m_94494d2e12a6b59b_1,32,32,1,image,1,data/mario.szs:/timg/waterspec.bti
tex1_16x32_e07c36f5dc52949e_14,16,32,14,model,1,data/mario.szs:/watergun2/body/diver_helm.bmd
tex1_32x32_8bbf7f68e8c3b87c_0,32,32,0,image,1,data/nintendo.szs:/timg/bl.bti
tex1_10x18_9585adb946b17e9f_0,10,18,0,image,1,data/option.szs:/timg/select_arrow.bti
tex1_74x30_cc19eadd9d20546b_2,74,30,2,image,1,data/option.szs:/timg/select_back.bti
tex1_116x30_e0ebfd9650c09238_2,116,30,2,image,1,data/option.szs:/timg/select_beginning.bti
tex1_110x30_4c5722b12524abfb_2,110,30,2,image,1,data/option.szs:/timg/select_option.bti
tex1_92x32_089d76f13dbb721e_2,92,32,2,image,1,data/option.szs:/timg/select_sound_mono.bti
tex1_96x30_23084a52dd4b3df8_2,96,30,2,image,1,data/option.szs:/timg/select_sound_stereo.bti
tex1_116x32_e2885ae5c6ee9ed5_2,116,32,2,image,1,data/option.szs:/timg/select_sound_surround.bti
tex1_94x32_65cba4d26eacf877_2,94,32,2,image,1,data/option.szs:/timg/select_vibration.bti
tex1_54x32_e322c5343523e56f_2,54,32,2,image,1,data/option.szs:/timg/select_vibration_off.bti
tex1_56x36_544576682f777c89_2,56,36,2,image,1,data/option.szs:/timg/select_vibration_on.bti
tex1_102x30_5fc5e3cf618a07a8_2,102,30,2,image,1,data/option.szs:/timg/stage_dolpic.bti
tex1_126x30_6774eb3b94f03167_2,126,30,2,image,1,data/option.szs:/timg/stage_rico.bti
tex1_32x32_a2420b3ad5c8fbbe_1,32,32,1,particle,783,data/particle.szs:/ms_2d_get_a.jpa
tex1_64x64_3b1c297f9f72825b_3,64,64,3,particle,118,data/particle.szs:/ms_2d_icon_kira1.jpa
tex1_64x64_a3934dfd276bbac4_3,64,64,3,particle,1,data/particle.szs:/ms_2d_icon_kira2.jpa
tex1_64x64_28061dc10cfd4000_3,64,64,3,particle,1,data/particle.szs:/ms_2d_pause_smo.jpa
tex1_32x64_m_e59b91ee8b7fd99c_0,32,64,0,particle,3,data/particle.szs:/ms_amn_biri.jpa
tex1_64x64_m_9488c00a0e2892c7_0,64,64,0,particle,27,data/particle.szs:/ms_amn_spark_l.jpa
tex1_64x64_m_cf85fd39456b56a0_2,64,64,2,particle,25,data/particle.szs:/ms_amn_spark_l.jpa
tex1_32x32_m_a90460bc739d4d2b_3,32,32,3,particle,352,data/particle.szs:/ms_ase.jpa
tex1_32x32_m_7f69dbce70e75daa_1,32,32,1,particle,16,data/particle.szs:/ms_coinget_b.jpa
tex1_32x32_m_1a0c6510ac6cdbf7_2,32,32,2,particle,250,data/particle.szs:/ms_deadnamekli_o.jpa
tex1_32x64_39f6f4cee14163c2_0,32,64,0,particle,17,data/particle.szs:/ms_dnk_shibire_a.jpa
tex1_32x64_a07ff38efcce75db_0,32,64,0,particle,17,data/particle.szs:/ms_dnk_shibire_a.jpa
tex1_32x64_c2af4d4fce49be16_0,32,64,0,particle,42,data/particle.szs:/ms_dnk_shibire_a.jpa
tex1_64x64_469dc57c00ec9dee_0,64,64,0,particle,14,data/particle.szs:/ms_dnk_shibire_b.jpa
tex1_64x64_f01a93e6ab72f142_0,64,64,0,particle,14,data/particle.szs:/ms_dnk_shibire_b.jpa
tex1_32x32_ba7609ccb632b37d_3,32,32,3,particle,1,data/particle.szs:/ms_enm_wallhit_o.jpa
tex1_64x64_de675dbe237024d0_2,64,64,2,particle,1,data/particle.szs:/ms_enm_wathit.jpa
tex1_32x32_m_6d5705b9f47bc3bd_3,32,32,3,particle,14,data/particle.szs:/ms_firest1_a.jpa
tex1_32x32_m_863ba9ae1f747853_3,32,32,3,particle,62,data/particle.szs:/ms_firest1_c.jpa
tex1_32x32_m_d869ae3614ccaee7_2,32,32,2,particle,23,data/particle.szs:/ms_firest1_c.jpa
tex1_8x8_f6e9be5d70632cf5_0,8,8,0,particle,192,data/particle.szs:/ms_firest1_c.jpa
tex1_32x32_m_ad0e18f9b86565b6_1,32,32,1,particle,43,data/particle.szs:/ms_fumi_c.jpa
tex1_32x32_m_6bea102c059df62d_2,32,32,2,particle,147,data/particle.szs:/ms_gatein.jpa
tex1_64x64_m_1facc8e21f84fa91_3,64,64,3,particle,134,data/particle.szs:/ms_gatein.jpa
tex1_32x32_m_16c440dc676aadfa_3,32,32,3,particle,45,data/particle.szs:/ms_gesosurf_a.jpa
tex1_64x64_m_52ebdfa069f57788_2,64,64,2,particle,2,data/particle.szs:/ms_gesosurf_a.jpa
tex1_32x32_m_7f24cc6258298aff_1,32,32,1,particle,20,data/particle.szs:/ms_gesosurf_b.jpa
tex1_32x32_m_df4569f1db6755e0_3,32,32,3,particle,2,data/particle.szs:/ms_glass1_a.jpa
tex1_32x32_m_e1cb32a62da8a8f3_2,32,32,2,particle,1,data/particle.szs:/ms_glass1_a.jpa
tex1_32x32_m_60f19190880373af_1,32,32,1,particle,47,data/particle.szs:/ms_hikage1_a.jpa
tex1_64x64_m_373f053d90948ca9_3,64,64,3,particle,1,data/particle.szs:/ms_hikage1_b.jpa
tex1_64x64_m_897541a3c8cf9ae4_1,64,64,1,particle,9,data/particle.szs:/ms_itemget1_a.jpa
tex1_64x64_m_5146f95930cee871_1,64,64,1,particle,1,data/particle.szs:/ms_itemget1_b.jpa
tex1_64x64_m_2ab412762c11b0e2_1,64,64,1,particle,49,data/particle.szs:/ms_m_blur2.jpa
tex1_32x32_m_406f2a969ab7900e_1,32,32,1,particle,53,data/particle.szs:/ms_m_hamon_d.jpa
tex1_64x64_m_a4bd61119eb11d30_0,64,64,0,particle,1,data/particle.szs:/ms_m_hamon_d.jpa
tex1_32x32_m_94373ac15bea0109_1,32,32,1,particle,1,data/particle.szs:/ms_m_rocket_d.jpa
tex1_32x32_m_22d2055c8a6f410b_1,32,32,1,particle,1,data/particle.szs:/ms_m_slidesand_b.jpa
tex1_32x32_m_e7681e3ca311d33d_1,32,32,1,particle,1,data/particle.szs:/ms_m_walksand_b.jpa
tex1_32x32_9ea01edd607db215_0,32,32,0,particle,13,data/particle.szs:/ms_map_fire_a.jpa
tex1_32x32_m_0045e1722f269490_3,32,32,3,particle,10,data/particle.szs:/ms_mari_rakuball.jpa
tex1_32x32_m_09280a744afadfd3_3,32,32,3,particle,7,data/particle.szs:/ms_mari_rakuball.jpa
tex1_64x64_m_9df9c6ede9751d23_3,64,64,3,particle,2,data/particle.szs:/ms_mari_rakuhamon.jpa
tex1_32x32_d9e18a277352cc11_2,32,32,2,particle,29,data/particle.szs:/ms_mariwalk1_b.jpa
tex1_32x32_m_eb670348cf636ccd_3,32,32,3,particle,4,data/particle.szs:/ms_moe_fire_a.jpa
tex1_32x32_m_9d9f986fd662143a_1,32,32,1,particle,10,data/particle.szs:/ms_nozzlesmoke.jpa
tex1_32x32_m_bd6fc238818b7dde_2,32,32,2,particle,17,data/particle.szs:/ms_packn_ap_rock.jpa
tex1_32x32_742341e0b27e69b4_3,32,32,3,particle,1,data/particle.szs:/ms_poi_sand.jpa
tex1_32x32_m_e24421d90d3c3369_2,32,32,2,particle,41,data/particle.szs:/ms_raku_kie_test2.jpa
tex1_64x64_ee79c13e7e1c5f55_4,64,64,4,particle,1,data/particle.szs:/ms_shine_bow.jpa
tex1_32x32_m_f484ec752a681842_3,32,32,3,particle,12,data/particle.szs:/ms_tls_yodare_l.jpa
tex1_128x128_13c5c3e577323b57_0,128,128,0,model,10,data/scene/airport0.szs:/gatekeeper/gene_pakkun_model1.bmd
tex1_16x16_3b83f0da5ae7c022_2,16,16,2,model,10,data/scene/airport0.szs:/gatekeeper/gene_pakkun_model1.bmd
tex1_32x32_ec46cc6a616a4ebb_0,32,32,0,model,10,data/scene/airport0.szs:/gatekeeper/gene_pakkun_model1.bmd
tex1_64x64_m_778f591912ef6c76_2,64,64,2,model,5,data/scene/airport0.szs:/gatekeeper/gene_stamp_model1.bmd
tex1_32x16_28feff0e7e2b1ef5_0,32,16,0,model,6,data/scene/airport0.szs:/gatekeeper/stamp_keeper_model1.bmd
tex1_32x32_39f5a44bd06af71c_2,32,32,2,model,20,data/scene/airport0.szs:/kinojii/kinoji_body.bmd
tex1_32x32_3bc919287fab8ae9_0,32,32,0,model,40,data/scene/airport0.szs:/kinojii/kinoji_body.bmd
tex1_32x32_6f95534b65491c8c_2,32,32,2,model,20,data/scene/airport0.szs:/kinojii/kinoji_body.bmd
tex1_32x32_780c14f682f381a4_2,32,32,2,model,60,data/scene/airport0.szs:/kinojii/kinoji_body.bmd
tex1_32x32_b858136f9c22dc2f_2,32,32,2,model,20,data/scene/airport0.szs:/kinojii/kinoji_body.bmd
tex1_32x32_c800bcb20d4d56cb_2,32,32,2,model,20,data/scene/airport0.szs:/kinojii/kinoji_body.bmd
tex1_32x64_fa072764ba6b0d60_0,32,64,0,model,72,data/scene/airport0.szs:/kinopio/kinopio_body.bmd
tex1_64x64_a518053286861ddf_3,64,64,3,model,20,data/scene/airport0.szs:/kinopio/kinopio_sunmegane.bmd
tex1_128x128_f092537e8d43192f_0,128,128,0,model,46,data/scene/airport0.szs:/map/map/map.bmd
tex1_256x256_m_ea19780ef5c43df9_0,256,256,0,model,144,data/scene/airport0.szs:/map/map/map.bmd
tex1_32x32_m_9187e2858feb79a4_1,32,32,1,model,3,data/scene/airport0.szs:/map/map/map.bmd
tex1_256x256_m_0b7e5a137dbabbd0_1,256,256,1,model,8,data/scene/airport0.szs:/map/map/sea.bmd
tex1_256x256_m_5983dda9f15715a4_1,256,256,1,model,7,data/scene/airport0.szs:/map/map/sea.bmd
tex1_64x64_m_9a2ebcbddeb1abea_0,64,64,0,model,57,data/scene/airport0.szs:/map/map/seaindirect.bmd
tex1_8x8_2189b9176a4dda3a_0,8,8,0,model,313,data/scene/airport0.szs:/map/map/sky.bmd
tex1_16x64_59eb334b36feae23_0,16,64,0,model,56,data/scene/airport0.szs:/map/map/sky.bmt
tex1_64x64_m_09223f92a4d83e02_14,64,64,14,model,112,data/scene/airport0.szs:/map/map/sky.bmt
tex1_128x256_m_21e544278a7fd949_0,128,256,0,image,58,data/scene/airport0.szs:/map/map/wave.bti
tex1_32x32_m_427a18c08b2d9657_2,32,32,2,particle,79,data/scene/airport0.szs:/map/pollution/ms_m_ashios.jpa
tex1_128x128_m_92ed60d6f5db7abb_1,128,128,1,model,56,data/scene/airport0.szs:/map/pollution/pollution00.bmd
tex1_512x512_53eb4a9b01f12952_1,512,512,1,model,6,data/scene/airport0.szs:/map/pollution/pollution00.bmd
tex1_32x32_6b4356d8d6939135_3,32,32,3,model,63,data/scene/airport0.szs:/mapobj/koopa_jr_sign.bmd
tex1_64x64_8c1af99cce7b303f_0,64,64,0,model,216,data/scene/airport0.szs:/mapobj/mushroom1up.bmd
tex1_64x64_a0ee80f74dd3b117_1,64,64,1,model,131,data/scene/airport0.szs:/mapobj/shimmerlow.bmd
tex1_32x32_0b15cd9b3c7aadc5_3,32,32,3,model,543,data/scene/airport0.szs:/montema/moma_model.bmd
tex1_32x32_5eb8c3e2f7e7b92d_3,32,32,3,model,181,data/scene/airport0.szs:/montema/moma_model.bmd
tex1_32x32_6516af73e9bd774a_3,32,32,3,model,181,data/scene/airport0.szs:/montema/moma_model.bmd
tex1_32x32_876592cedc2043a1_3,32,32,3,model,172,data/scene/airport0.szs:/montema/moma_model.bmd
tex1_32x32_8b840304d0be0bfe_3,32,32,3,model,181,data/scene/airport0.szs:/montema/moma_model.bmd
tex1_32x32_f91636a461806fe9_3,32,32,3,model,181,data/scene/airport0.szs:/montema/moma_model.bmd
tex1_32x32_fea498b07e670db2_3,32,32,3,model,172,data/scene/airport0.szs:/montema/moma_model.bmd
tex1_32x32_feeab97b1abad59f_3,32,32,3,model,172,data/scene/airport0.szs:/montema/moma_model.bmd
tex1_32x64_cc20057e4cd99ba6_0,32,64,0,model,1023,data/scene/airport0.szs:/montema/moma_model.bmd
tex1_8x8_ef578db38d4827a6_0,8,8,0,model,478,data/scene/airport0.szs:/montema/moma_model.bmd
tex1_32x32_342d05e6887ab95d_0,32,32,0,model,300,data/scene/airport0.szs:/montemcommon/hate_model.bmd
tex1_32x16_a36c68b6c01cb945_0,32,16,0,model,300,data/scene/airport0.szs:/montemcommon/hatg_model.bmd
tex1_32x32_2cba8bd4f105609b_3,32,32,3,model,67,data/scene/airport0.szs:/montewb/mowb_model.bmd
tex1_32x32_3245fe07f3a3b267_3,32,32,3,model,67,data/scene/airport0.szs:/montewb/mowb_model.bmd
tex1_32x32_3530c3156588528f_3,32,32,3,model,67,data/scene/airport0.szs:/montewb/mowb_model.bmd
tex1_32x32_9a090e45da394a64_3,32,32,3,model,67,data/scene/airport0.szs:/montewb/mowb_model.bmd
tex1_32x32_ab271635b24499b1_3,32,32,3,model,201,data/scene/airport0.szs:/montewb/mowb_model.bmd
tex1_32x32_ab3fc3ed16723f2a_3,32,32,3,model,67,data/scene/airport0.szs:/montewb/mowb_model.bmd
tex1_32x32_cdcb09f272d5402b_3,32,32,3,model,67,data/scene/airport0.szs:/montewb/mowb_model.bmd
tex1_32x32_e17d2bc7609cb3a6_3,32,32,3,model,67,data/scene/airport0.szs:/montewb/mowb_model.bmd
tex1_16x16_f9786097529dcd09_14,16,16,14,model,21,data/scene/airport0.szs:/peach/peach_model.bmd
tex1_128x128_c4ccf8c0ac4db6f6_1,128,128,1,model,138,data/scene/airport0.szs:/sun/glow.bmd
tex1_128x128_90214079b12e3023_1,128,128,1,model,138,data/scene/airport0.szs:/sun/model.bmd
tex1_64x64_25fbb5767f6f74f3_1,64,64,1,model,69,data/scene/airport0.szs:/sun/model.bmd
tex1_64x64_029d42e42e0fa357_0,64,64,0,model,69,data/scene/airport0.szs:/sun/sun_lensfx.bmd
tex1_64x64_11e47050cd19f2ee_1,64,64,1,model,276,data/scene/airport0.szs:/sun/sun_lensfx.bmd
tex1_64x64_367b94994877411e_4,64,64,4,model,69,data/scene/airport0.szs:/sun/sun_lensfx.bmd
tex1_64x64_8a8c7085dfc084c1_0,64,64,0,model,138,data/scene/airport0.szs:/sun/sun_lensfx.bmd
tex1_256x256_bd48382adbb61114_1,256,256,1,model,2,data/scene/bia_ex1.szs:/map/map/map.bmd
tex1_256x256_m_585fb96c9419590e_0,256,256,0,model,104,data/scene/bia_ex1.szs:/map/map/map.bmd
tex1_32x32_d5132ba75e63b03a_2,32,32,2,particle,30,data/scene/bia_ex1.szs:/map/map/ms_pinna_funsui.jpa
tex1_256x256_b2a11fd9026349f3_3,256,256,3,model,30,data/scene/bia_ex1.szs:/map/map/sky.bmd
tex1_8x8_d03e383c0b331650_4,8,8,4,model,204,data/scene/bia_ex1.szs:/map/mirror/mirror00.bmd
tex1_32x32_b3b017e7bf2a8300_0,32,32,0,model,102,data/scene/bia_ex1.szs:/map/mirror/puddle_ind00.bmd
tex1_128x32_b6025cb658ec9475_1,128,32,1,model,2,data/scene/bia_ex1.szs:/map/pollution/pollution00.bmd
tex1_32x32_916681e4e0ff47ac_1,32,32,1,model,2,data/scene/bia_ex1.szs:/map/pollution/pollution01.bmd
tex1_32x32_94a6e11fb9985eaa_1,32,32,1,model,2,data/scene/bia_ex1.szs:/map/pollution/pollution02.bmd
tex1_64x64_7c02d6eaff6cb022_14,64,64,14,model,9,data/scene/bia_ex1.szs:/mapobj/normalblock.bmd
tex1_8x8_8d141163174b95f8_0,8,8,0,model,28,data/scene/bianco0.szs:/clauncher/generator_model1.bmd
tex1_128x128_5c48714b7a328be2_1,128,128,1,model,2,data/scene/bianco0.szs:/gorogoro/bosspaku_head.bmd
tex1_8x8_68ee9bdb36669e15_0,8,8,0,model,94,data/scene/bianco0.szs:/gorogoro/bosspaku_head.bmd
tex1_32x32_6774a47284e918c9_0,32,32,0,model,16,data/scene/bianco0.szs:/hamukuri/default.bmd
tex1_32x32_ee3ccb8ca73a6aeb_0,32,32,0,model,92,data/scene/bianco0.szs:/hamukuri/default.bmd
tex1_32x32_1c6f83cca6962522_0,32,32,0,model,6,data/scene/bianco0.szs:/kbosspakkun/pollut_ball.bmd
tex1_32x32_a01859333e59a1b0_2,32,32,2,model,6,data/scene/bianco0.szs:/kbosspakkun/pollut_ball.bmd
tex1_128x128_9a4586545fbffc65_0,128,128,0,model,65,data/scene/bianco0.szs:/map/map/biancoriver.bmd
tex1_128x64_5bbe7c36b7331e6d_2,128,64,2,model,16,data/scene/bianco0.szs:/map/map/biancoriver.bmd
tex1_64x64_m_447601a7c101c446_0,64,64,0,model,32,data/scene/bianco0.szs:/map/map/biancoriver.bmd
tex1_8x64_06fbb47d596a0411_14,8,64,14,model,8,data/scene/bianco0.szs:/map/map/map.bmd
tex1_64x64_2dbb67e72bf8db05_0,64,64,0,model,18,data/scene/bianco0.szs:/map/map/seaindirect.bmd
tex1_32x32_58cb16a95f6c2919_0,32,32,0,model,32,data/scene/bianco0.szs:/map/mirror/mirror00.bmd
tex1_256x256_274881edec4dc599_1,256,256,1,model,16,data/scene/bianco0.szs:/map/pollution/pollution00.bmd
tex1_256x128_4781c63faf992e31_1,256,128,1,model,9,data/scene/bianco0.szs:/map/pollution/pollution01.bmd
tex1_128x256_415e49c724da1a1f_1,128,256,1,model,3,data/scene/bianco0.szs:/map/pollution/pollution02.bmd
tex1_128x128_08fe914514a6a6c0_1,128,128,1,model,3,data/scene/bianco0.szs:/map/pollution/pollution03.bmd
tex1_8x8_6acd5bdf100e584b_0,8,8,0,model,154,data/scene/bianco0.szs:/mapobj/arrowboarddown.bmd
tex1_32x32_f4673eaeb88ce330_3,32,32,3,model,32,data/scene/bianco0.szs:/mapobj/batu_sign.bmd
tex1_64x64_5d15227bc0bae821_2,64,64,2,model,92,data/scene/bianco0.szs:/mapobj/monte_chair_model.bmd
tex1_16x32_m_de5c1377477149de_14,16,32,14,model,73,data/scene/bianco0.szs:/mapobj/pile.bmd
tex1_64x64_40ee35c1ae561871_2,64,64,2,model,19,data/scene/bianco0.szs:/namekuri2/name.bmd
tex1_8x8_bea495de688dfccb_2,8,8,2,model,19,data/scene/bianco0.szs:/namekuri2/name.bmd
tex1_32x32_a951b0f1a028cd1a_0,32,32,0,model,9,data/scene/bianco0.szs:/pakkun/pakun.bmd
tex1_16x16_3697bfee65df2dfb_0,16,16,0,model,9,data/scene/bianco0.szs:/pakkun/seed.bmd
tex1_128x128_m_f15ccd26b4c3df20_0,128,128,0,model,189,data/scene/bianco0.szs:/telesa/modoki.bmd
tex1_32x32_m_d4e22ff49fd9429f_3,32,32,3,model,192,data/scene/bianco0.szs:/telesa/modoki.bmd
tex1_32x32_fb658dfd18e9139c_2,32,32,2,model,9,data/scene/bianco0.szs:/telesa/telesa.bmd
tex1_8x8_18381cd96a814d86_14,8,8,14,model,18,data/scene/bianco0.szs:/telesa/telesa.bmd
tex1_32x64_3024d8d727c2965a_0,32,64,0,model,72,data/scene/bianco2.szs:/bird/bird_man.bmd
tex1_32x32_cc782ce907ad428b_5,32,32,5,particle,3,data/scene/bianco2.szs:/tori/jpa/ms_cooc_hane.jpa
tex1_64x64_013acc4f1ae71a66_0,64,64,0,model,10,data/scene/bianco2.szs:/wiretrap/wire_trap.bmd
tex1_512x512_24a531acdf1eeac5_1,512,512,1,model,10,data/scene/bianco3.szs:/map/pollution/pollution00.bmd
tex1_32x32_e2b8a76a36286c88_0,32,32,0,model,24,data/scene/bianco3.szs:/popo/popoh.bmd
tex1_64x64_2060e104fc61ace5_2,64,64,2,model,4,data/scene/bianco3.szs:/popo/popoh.bmd
tex1_128x128_1e8bbdad13f5c327_1,128,128,1,model,14,data/scene/bianco4.szs:/bosspakkun/bosspaku_end.bmd
tex1_16x16_m_46c7e36b6c8c263d_2,16,16,2,particle,2,data/scene/bianco4.szs:/bosspakkun/jpa/ms_bopa_tr_weed.jpa
tex1_128x128_2900307c76f5cf06_1,128,128,1,model,8,data/scene/bianco4.szs:/bosspakkun/trunade.bmd
tex1_16x16_25a938892a923544_14,16,16,14,model,169,data/scene/bianco5.szs:/beehive/bee_nest_break.bmd
tex1_32x32_201ef299dd7ba7ad_3,32,32,3,model,10,data/scene/bianco5.szs:/mapobj/maru_sign.bmd
tex1_8x8_755854c8197b076b_0,8,8,0,model,12,data/scene/bianco6.szs:/kagemario/kagemario_brush.bmd
tex1_16x16_8d5ee90c4654056a_2,16,16,2,model,36,data/scene/bianco6.szs:/kagemario/stamp_koopa_sign/stamp_koopa_sign_model1.bmd
tex1_64x64_m_d5ac18aca1a26b8a_2,64,64,2,model,2,data/scene/bianco7.szs:/map/map/biawaterpollution.bmd
tex1_16x16_ac058ea064a36335_14,16,16,14,model,2,data/scene/casino0.szs:/map/map/map.bmd
tex1_32x32_0dcfb981898c38db_14,32,32,14,model,75,data/scene/casino0.szs:/map/map/map.bmd
tex1_64x64_9a57d0a1d921373a_1,64,64,1,model,7,data/scene/casino0.szs:/map/map/map.bmd
tex1_512x512_e39d8863f0208122_1,512,512,1,model,6,data/scene/casino0.szs:/map/pollution/pollution00.bmd
tex1_128x128_0178757160153a24_1,128,128,1,model,4,data/scene/casino0.szs:/mapobj/casino_lighting.bmd
tex1_128x128_1c2f74a277a63600_1,128,128,1,model,9,data/scene/casino0.szs:/mapobj/casino_lighting.bmd
tex1_256x256_m_6d06c3ebe013a20d_1,256,256,1,model,266,data/scene/casino0.szs:/marecommon/mare.bmt
tex1_16x32_00b4702bfa5392b2_5,16,32,5,model,237,data/scene/casino0.szs:/marem/marem.bmd
tex1_16x32_afe02f15aa042817_5,16,32,5,model,77,data/scene/casino0.szs:/marem/marem.bmd
tex1_32x64_0adffa6197247bc9_3,32,64,3,model,43,data/scene/casino0.szs:/marem/marem.bmd
tex1_32x64_0fa0ee37b003f9e3_3,32,64,3,model,43,data/scene/casino0.szs:/marem/marem.bmd
tex1_32x64_57eff72dc6813c59_3,32,64,3,model,43,data/scene/casino0.szs:/marem/marem.bmd
tex1_32x64_65f15208c002e964_3,32,64,3,model,43,data/scene/casino0.szs:/marem/marem.bmd
tex1_32x64_672ff60a1b2cae17_3,32,64,3,model,43,data/scene/casino0.szs:/marem/marem.bmd
tex1_32x64_8116069bc069b151_3,32,64,3,model,129,data/scene/casino0.szs:/marem/marem.bmd
tex1_32x64_9dc9a9fe876a442f_3,32,64,3,model,43,data/scene/casino0.szs:/marem/marem.bmd
tex1_32x64_eceffbc92cd328fa_3,32,64,3,model,43,data/scene/casino0.szs:/marem/marem.bmd
tex1_64x64_cf78071411fbb086_3,64,64,3,model,86,data/scene/casino0.szs:/marem/marem_grass.bmd
tex1_32x64_2633df00351e0745_3,32,64,3,model,34,data/scene/casino0.szs:/marew/marew.bmd
tex1_32x64_4bc492496814946b_3,32,64,3,model,34,data/scene/casino0.szs:/marew/marew.bmd
tex1_32x64_57cc921a601c19ba_3,32,64,3,model,34,data/scene/casino0.szs:/marew/marew.bmd
tex1_32x64_6a84f14e1546fb68_3,32,64,3,model,34,data/scene/casino0.szs:/marew/marew.bmd
tex1_32x64_b3a0addc10246c58_3,32,64,3,model,34,data/scene/casino0.szs:/marew/marew.bmd
tex1_32x64_c7062dc83fda67d7_3,32,64,3,model,34,data/scene/casino0.szs:/marew/marew.bmd
tex1_32x64_cf858ee7f5b2e870_3,32,64,3,model,102,data/scene/casino0.szs:/marew/marew.bmd
tex1_32x64_fbd0f73df576fd87_3,32,64,3,model,34,data/scene/casino0.szs:/marew/marew.bmd
tex1_32x32_532033d9d022e407_0,32,32,0,model,1,data/scene/coro_ex0.szs:/map/map/map.bmd
tex1_64x64_m_6372ad0caa2e04f8_3,64,64,3,model,1,data/scene/coro_ex0.szs:/map/map/map.bmd
tex1_128x64_28c7e0f53fb09582_0,128,64,0,model,6,data/scene/coro_ex0.szs:/map/map/sky.bmd
tex1_16x256_e431208574ba31b9_1,16,256,1,model,24,data/scene/coro_ex0.szs:/map/map/sky.bmd
tex1_256x64_6b322309259df58f_0,256,64,0,model,6,data/scene/coro_ex0.szs:/map/map/sky.bmd
tex1_256x64_80da9440d02a8269_0,256,64,0,model,24,data/scene/coro_ex0.szs:/map/map/sky.bmd
tex1_32x128_bd96476e59b46dbd_0,32,128,0,model,12,data/scene/coro_ex0.szs:/map/map/sky.bmd
tex1_512x512_be4f816e6ba474c9_1,512,512,1,model,6,data/scene/coro_ex0.szs:/map/map/sky.bmd
tex1_64x512_m_4c0d3350a79f8779_14,64,512,14,model,3,data/scene/coro_ex0.szs:/mapobj/exrollcube.bmd
tex1_64x64_6640fad4ef1773a5_0,64,64,0,model,3,data/scene/coro_ex0.szs:/mapobj/exrollcube.bmd
tex1_32x32_55140b7ccee8bcff_1,32,32,1,model,66,data/scene/coro_ex0.szs:/mapobj/redcoinswitch.bmd
tex1_128x128_m_952cf8cc1c5975ff_14,128,128,14,image,6,data/scene/coro_ex1.szs:/map/map/sandplane.bti
tex1_256x256_m_f5e8d7d2cadbf8ce_14,256,256,14,model,88,data/scene/coro_ex1.szs:/map/pollution/pollution00.bmd
tex1_512x512_a82f501728b3a85c_1,512,512,1,model,42,data/scene/coro_ex1.szs:/map/pollution/pollution00.bmd
tex1_64x128_d0694d0779a78a74_1,64,128,1,model,5,data/scene/coro_ex1.szs:/mapobj/kugi.bmd
tex1_64x64_3d94f8b85900238e_3,64,64,3,model,10,data/scene/coro_ex4.szs:/hamukuril/generator_model1.bmd
tex1_256x256_56e7bd515f1dd121_0,256,256,0,model,2,data/scene/coro_ex4.szs:/mapobj/yoshiblock.bmd
tex1_32x32_ec0e76b9e1050273_0,32,32,0,model,12,data/scene/coro_ex5.szs:/hanekuri/dorohane.bmd
tex1_32x64_470fbf9f9a4e3f7f_0,32,64,0,model,5,data/scene/coro_ex5.szs:/hanekuri/dorohane.bmd
tex1_64x64_c6cd037b7a14bd67_2,64,64,2,model,16,data/scene/coro_ex5.szs:/hanekuri/dorohane.bmd
tex1_64x64_ed6396f0142abaae_14,64,64,14,particle,11,data/scene/coro_ex5.szs:/mapobj/brickblockb.jpa
tex1_64x64_m_f33fac22c6f71a2d_1,64,64,1,model,18,data/scene/coro_ex5.szs:/mapobj/iceblock.bmd
tex1_256x256_5467371c85f35c1f_0,256,256,0,model,1,data/scene/coro_ex6.szs:/map/map/map.bmd
tex1_256x256_m_3273eb5d25a74e5d_1,256,256,1,model,1,data/scene/coro_ex6.szs:/map/map/map.bmd
tex1_32x32_ca82b223fcdaf57d_2,32,32,2,image,2,data/scene/coro_ex6.szs:/map/map/wave.bti
tex1_64x64_e2b7da56fc5d1ef6_14,64,64,14,model,7,data/scene/coronaBoss.szs:/bathtubpeach/ahiru_peach.bmd
tex1_64x64_b3e70f0b43ff3c81_3,64,64,3,model,57,data/scene/coronaBoss.szs:/explosion/10_bomb.bmd
tex1_32x32_13cd13fffe2ea571_2,32,32,2,particle,4,data/scene/coronaBoss.szs:/koopa/jpa/ms_kp_fire_b.jpa
tex1_32x32_b0f5c108a05e4039_3,32,32,3,particle,1,data/scene/coronaBoss.szs:/koopa/jpa/ms_kp_fire_c.jpa
tex1_128x128_e20596f42e51870c_1,128,128,1,image,2,data/scene/coronaBoss.szs:/map/map/ball.bti
tex1_512x256_952a41887f308583_1,512,256,1,image,1,data/scene/coronaBoss.szs:/map/map/mesh.bti
tex1_64x64_c210c9c93c9289ff_1,64,64,1,particle,1,data/scene/coronaBoss.szs:/map/map/ms_kp_break_a.jpa
tex1_512x512_83522b0e4e9ec87b_1,512,512,1,model,3,data/scene/coronaBoss.szs:/map/map/sky.bmd
tex1_128x128_ef37c5d9678199d9_1,128,128,1,model,1,data/scene/coronaBoss.szs:/map/map/water.bmd
tex1_640x448_e155aff1908c72c9_14,640,448,14,model,1,data/scene/coronaBoss.szs:/map/map/water.bmd
tex1_128x128_6407f80a39cda412_1,128,128,1,image,1,data/scene/coronaBoss.szs:/map/map/water_ball.bti
tex1_128x128_d6028b443d346ec8_1,128,128,1,model,18,data/scene/coronaBoss.szs:/map/pollution/pollution00.bmd
tex1_256x256_595b3f4fadbd3dfa_2,256,256,2,model,36,data/scene/coronaBoss.szs:/map/pollution/pollution00.bmd
tex1_64x64_f2edf8de06e5a55d_14,64,64,14,model,3,data/scene/delfino0.szs:/map/map/map.bmd
tex1_32x32_7f33d357121e5fa5_0,32,32,0,model,5,data/scene/delfino0.szs:/map/mirror/mirror205.bmd
tex1_32x32_53ed1f90adc66584_14,32,32,14,model,4,data/scene/delfino1.szs:/map/map/map.bmd
tex1_32x32_049c7c84b8686693_1,32,32,1,model,36,data/scene/delfino1.szs:/mapobj/glassbreak.bmd
tex1_128x128_m_f929b70db29b83da_1,128,128,1,model,16,data/scene/delfino1.szs:/mapobj/simihotel.bmd
tex1_32x32_40f5cb62bd070ae9_1,32,32,1,model,8,data/scene/delfino1.szs:/mapobj/simihotel.bmd
tex1_32x32_9b8f438bcc723d8c_3,32,32,3,model,4,data/scene/delfino1.szs:/mapobj/simihotel.bmd
tex1_32x32_febf346355fc2440_1,32,32,1,model,8,data/scene/delfino1.szs:/mapobj/simihotel.bmd
tex1_32x32_352ccb8424c66ea1_3,32,32,3,model,25,data/scene/delfino3.szs:/mapobj/3kaku_sign.bmd
tex1_32x32_82a9c2a51d10b20a_0,32,32,0,model,6,data/scene/delfinoBoss.szs:/bombhei/nejibomb_model1.bmd
tex1_16x16_c5447ba251014811_0,16,16,0,model,2,data/scene/delfinoBoss.szs:/btelesa/btelesa.bmd
tex1_32x64_4c4ece4406a28bdd_1,32,64,1,model,2,data/scene/delfinoBoss.szs:/btelesa/btelesa_ball.bmd
tex1_64x64_367ef114f022e6e1_2,64,64,2,model,1,data/scene/delfinoBoss.szs:/btelesa/btelesa_osenbubbles_ind.bmd
tex1_64x64_701bf6be1cbb34aa_3,64,64,3,model,2,data/scene/delfinoBoss.szs:/btelesa/btelesa_osenbubbles_ind.bmd
tex1_64x64_bb3d5935ec39a5b9_0,64,64,0,model,107,data/scene/delfinoBoss.szs:/btelesa/btelesa_osenbubbles_ind.bmd
tex1_8x8_b30287bc6bee7c2b_14,8,8,14,model,1,data/scene/delfinoBoss.szs:/btelesa/btelesa_osenbubbles_ind.bmd
tex1_32x32_f0eba93dd4fcd857_3,32,32,3,particle,3,data/scene/delfinoBoss.szs:/btelesa/jpa/ms_btls_yodare1.jpa
tex1_8x8_19176fb7adde1d95_14,8,8,14,model,2,data/scene/delfinoBoss.szs:/btelesa/srot_waku.bmd
tex1_32x32_35290b3248485bae_2,32,32,2,model,11,data/scene/delfinoBoss.szs:/rikugesso/stamp_gero_model1.bmd
tex1_128x128_70882329352630bf_1,128,128,1,model,25,data/scene/dolpic0.szs:/map/map/map.bmd
tex1_128x128_m_37a3a77ba54007b4_0,128,128,0,model,14,data/scene/dolpic0.szs:/map/map/map.bmd
tex1_32x32_5def127824acafd3_1,32,32,1,model,58,data/scene/dolpic0.szs:/map/map/map.bmd
tex1_128x128_m_02b5073505a48fb4_0,128,128,0,model,81,data/scene/dolpic0.szs:/map/map/sea.bmd
tex1_64x128_m_6b6f9c8aaa320d63_0,64,128,0,model,30,data/scene/dolpic0.szs:/map/map/sea.bmd
tex1_256x256_5fcac8f8494fcde0_1,256,256,1,model,2,data/scene/dolpic0.szs:/map/pollution/pollution00.bmd
tex1_32x32_041618c138116dd7_0,32,32,0,model,16,data/scene/dolpic0.szs:/mapobj/belldolpic.bmd
tex1_32x32_cba390c32b005c85_14,32,32,14,model,24,data/scene/dolpic0.szs:/mapobj/super_rock.bmd
tex1_64x64_0356a1946a3fa87e_1,64,64,1,model,21,data/scene/dolpic1.szs:/map/map/gate/05_gate01.bmd
tex1_8x8_eaf1dfc0fc4c2ea5_0,8,8,0,model,123,data/scene/dolpic1.szs:/map/map/gate/05_gate01.bmd
tex1_64x64_m_81671ce324c5c9f4_14,64,64,14,model,7,data/scene/dolpic1.szs:/map/map/map.bmd
tex1_256x512_6bce5d0f9f52a3a0_1,256,512,1,model,1,data/scene/dolpic1.szs:/map/pollution/pollution00.bmd
tex1_32x32_390d3b3ae70b9615_0,32,32,0,model,28,data/scene/dolpic10.szs:/raccoondog/ukiwa.bmd
tex1_128x64_d4cc8d2b3c4b8c8b_1,128,64,1,model,1,data/scene/dolpic5.szs:/map/pollution/pollution00.bmd
tex1_64x64_fb0b18199308d230_0,64,64,0,model,15,data/scene/dolpic5.szs:/map/pollution/pollution00.bmd
tex1_128x128_ebbef4de6a56f0c6_1,128,128,1,model,1,data/scene/dolpic5.szs:/map/pollution/pollution01.bmd
tex1_128x256_38b1201950a372dc_0,128,256,0,model,1,data/scene/dolpic9.szs:/map/map/map.bmd
tex1_32x32_5dffaab169261cf2_14,32,32,14,model,1,data/scene/dolpic9.szs:/map/map/map.bmd
tex1_256x256_3007707b53df21ab_14,256,256,14,model,1,data/scene/dolpic_ex3.szs:/map/map/map.bmd
tex1_64x64_m_4a9a32d70dea21ac_0,64,64,0,particle,1,data/scene/mam_ex1.szs:/map/map/ms_sunadori_a.jpa
tex1_512x512_469b6dc27304e12c_1,512,512,1,model,8,data/scene/mam_ex1.szs:/map/pollution/pollution00.bmd
tex1_128x128_m_1dbeec9b56b044e4_14,128,128,14,model,1,data/scene/mam_ex1.szs:/mapobj/sandbirdblock.bmd
tex1_32x32_4a72169f74f82362_5,32,32,5,model,9,data/scene/mam_ex1.szs:/mapobj/sandbomb.bmd
tex1_64x64_a3f2b5c822cff26b_2,64,64,2,model,9,data/scene/mam_ex1.szs:/mapobj/sandbomb.bmd
tex1_64x64_c8cd9dc2c566c7fb_0,64,64,0,model,18,data/scene/mam_ex1.szs:/mapobj/sandbomb.bmd
tex1_64x64_e1b1b6ed463e1a5b_0,64,64,0,model,11,data/scene/mam_ex1.szs:/mapobj/sandeggbroken.bmd
tex1_32x16_10b9453be2c66ca7_14,32,16,14,model,16,data/scene/mamma0.szs:/map/map/map.bmd
tex1_16x16_392c5e9aef4f87c6_14,16,16,14,model,8,data/scene/mamma0.szs:/map/map/reflectparts.bmd
tex1_16x32_33eecf4c72ea1738_14,16,32,14,model,8,data/scene/mamma0.szs:/map/map/reflectparts.bmd
tex1_32x32_m_07127c80085d7f85_14,32,32,14,model,24,data/scene/mamma0.szs:/map/map/reflectparts.bmd
tex1_64x128_9e5e84779e1294a9_1,64,128,1,model,32,data/scene/mamma0.szs:/map/map/sea.bmd
tex1_8x8_a218aad79dc11943_5,8,8,5,model,32,data/scene/mamma0.szs:/map/mirror/mirror00.bmd
tex1_8x8_2835f08d7bfc2557_14,8,8,14,model,24,data/scene/mamma0.szs:/mapobj/mirrorl.bmd
tex1_128x128_c6dab1422a8dba50_14,128,128,14,model,8,data/scene/mamma0.szs:/mapobj/shiningstone.bmd
tex1_32x32_m_b2ce62030b24d2d7_0,32,32,0,particle,16,data/scene/mamma0.szs:/mapobj/shiningstone3.jpa
tex1_128x128_66cde2715dfa437b_1,128,128,1,model,10,data/scene/mamma1.szs:/sleepbosshanachan/demohanatyan_model.bmd
tex1_64x64_4e66c1d49ad20edf_14,64,64,14,model,1,data/scene/mamma2.szs:/bosshanachan/hanahead_model.bmd
tex1_64x64_ab2de8aecd7cc5e5_14,64,64,14,model,2,data/scene/mamma2.szs:/bosshanachan/hanahead_model.bmd
tex1_8x8_b48ac870c294bbea_14,8,8,14,model,2,data/scene/mamma2.szs:/bosshanachan/hanahead_model.bmd
tex1_64x64_f7f8fd1e2f490b81_1,64,64,1,model,18,data/scene/mamma2.szs:/bosshanachan/sunabashira.bmd
tex1_8x4_b459cb2dc3091c3f_2,8,4,2,model,1,data/scene/mare0.szs:/igaiga/igaiga_model1.bmd
tex1_16x16_45d3ce65977a825a_1,16,16,1,model,16,data/scene/mare0.szs:/map/map/map.bmd
tex1_256x256_e65cf257fbe9bfc2_0,256,256,0,model,8,data/scene/mare0.szs:/map/map/map.bmd
tex1_32x64_d036f0210d9e5743_1,32,64,1,model,1,data/scene/mare0.szs:/map/pollution/pollution00.bmd
tex1_16x32_115b2047f25bf8ac_1,16,32,1,model,1,data/scene/mare0.szs:/map/pollution/pollution01.bmd
tex1_32x32_4fcd822e1e7442ab_1,32,32,1,model,1,data/scene/mare0.szs:/map/pollution/pollution02.bmd
tex1_32x32_15df107d2c40dfde_1,32,32,1,model,1,data/scene/mare0.szs:/map/pollution/pollution03.bmd
tex1_32x32_9bf67935bb385f47_1,32,32,1,model,1,data/scene/mare0.szs:/map/pollution/pollution04.bmd
tex1_32x32_0a2e4e377ed54cb7_1,32,32,1,model,1,data/scene/mare0.szs:/map/pollution/pollution05.bmd
tex1_32x32_acfb55c6f61733fd_1,32,32,1,model,1,data/scene/mare0.szs:/map/pollution/pollution06.bmd
tex1_256x128_5a1f6a3a31e5cbb1_1,256,128,1,model,1,data/scene/mare0.szs:/map/pollution/pollutiona.bmd
tex1_128x128_1cb5b1704a69b653_1,128,128,1,model,1,data/scene/mare0.szs:/map/pollution/pollutionb.bmd
tex1_16x16_15d552aafbd6e6a7_14,16,16,14,model,1,data/scene/mare0.szs:/mapobj/marecork.bmd
tex1_64x64_8b8be2522997a6f2_0,64,64,0,model,8,data/scene/mare1.szs:/bgeso/bgeso_body.bmd
tex1_128x128_ff9713736f41f6e7_1,128,128,1,model,8,data/scene/mare1.szs:/bgeso/bgeso_dirty_white.bmd
tex1_8x8_f6e9be5d70632cf5_14,8,8,14,model,8,data/scene/mare1.szs:/bgeso/bgeso_osenball.bmd
tex1_128x128_614a2a78aa86c555_1,128,128,1,model,8,data/scene/mare1.szs:/bgeso/bgeso_osenball_white.bmd
tex1_64x64_0fca84a6a0e8b4e1_1,64,64,1,model,14,data/scene/mare1.szs:/mapobj/marefall.bmd
tex1_64x64_fc239ce95d938cc1_5,64,64,5,model,7,data/scene/mare1.szs:/mapobj/marefall.bmd
tex1_64x64_133feab888b1ed14_4,64,64,4,model,2,data/scene/mare5.szs:/map/map/mare5exgate.bmd
tex1_16x32_5886d782793c8a84_3,16,32,3,model,3,data/scene/mare7.szs:/marewb/marewbbaby.bmd
tex1_16x32_701250aa0cda4afb_3,16,32,3,model,3,data/scene/mare7.szs:/marewb/marewbbaby.bmd
tex1_16x32_717429e410658353_3,16,32,3,model,3,data/scene/mare7.szs:/marewb/marewbbaby.bmd
tex1_16x32_d546f048d1026a44_3,16,32,3,model,9,data/scene/mare7.szs:/marewb/marewbbaby.bmd
tex1_32x32_b56dd80a6eb3e8ab_0,32,32,0,model,3,data/scene/mare7.szs:/marewb/marewbbaby.bmd
tex1_64x164_60fbeea3503524f4_1,64,164,1,model,9,data/scene/mare7.szs:/marewb/marewbbaby.bmd
tex1_128x128_e244406b639c1e77_1,128,128,1,model,3,data/scene/mareBoss.szs:/bosseel/bad_tooth.bmd
tex1_128x128_10b4cdd9de8b5b22_1,128,128,1,model,3,data/scene/mareBoss.szs:/bosseel/eye.bmd
tex1_128x128_10f6cdd42932cfe4_3,128,128,3,model,9,data/scene/mareBoss.szs:/bosseel/eye.bmd
tex1_128x128_6249bcc9cd40f36a_1,128,128,1,model,3,data/scene/mareBoss.szs:/bosseel/eye.bmd
tex1_256x128_01a97ae68bf6ad30_3,256,128,3,model,4,data/scene/mareBoss.szs:/bosseel/eye.bmd
tex1_480x368_05bf51e4bc2c4e85_14,480,368,14,model,7,data/scene/mareBoss.szs:/bosseel/eye.bmd
tex1_128x128_d5ccfb6e9512516c_1,128,128,1,model,1,data/scene/mareBoss.szs:/bosseel/meoto_model.bmd
tex1_64x128_3d1a3f5010b3a4d1_0,64,128,0,model,2,data/scene/mareBoss.szs:/map/map/map.bmd
tex1_64x64_90195cd04cb807f2_0,64,64,0,model,2,data/scene/mareBoss.szs:/map/map/map.bmd
tex1_64x64_a24cc28b833516a6_1,64,64,1,image,2,data/scene/mareBoss.szs:/map/pollution/pollute00.bti
tex1_256x256_b439390106bf398d_1,256,256,1,image,2,data/scene/mareBoss.szs:/map/pollution/pollution00.bti
tex1_128x128_m_425e5d5527fa7464_1,128,128,1,image,1,data/scene/mareUndersea.szs:/marejellyfish/j_kurage.bti
tex1_128x256_02644a3827ec1fc0_1,128,256,1,model,2,data/scene/mare_ex0.szs:/map/map/map.bmd
tex1_256x256_156713b5fbfaecd0_1,256,256,1,model,1,data/scene/mare_ex0.szs:/map/map/map.bmd
tex1_64x64_56fedbb97c186459_2,64,64,2,model,1,data/scene/monte0.szs:/firewanwan/wanwan.bmd
tex1_128x128_5fce5098da038a66_0,128,128,0,model,8,data/scene/monte0.szs:/map/map/map.bmd
tex1_128x128_8794331f3d92f22a_14,128,128,14,model,4,data/scene/monte0.szs:/map/map/map.bmd
tex1_128x128_m_7d36bd86e35a1005_14,128,128,14,model,4,data/scene/monte0.szs:/map/map/map.bmd
tex1_64x64_077c230fafed87c2_14,64,64,14,model,4,data/scene/monte0.szs:/map/map/map.bmd
tex1_256x256_53c83868760fddf4_1,256,256,1,model,16,data/scene/monte0.szs:/map/map/monteriver.bmd
tex1_128x128_fde3c47274efdf71_1,128,128,1,model,10,data/scene/monte0.szs:/map/map/sky.bmd
tex1_64x64_60dc17284b491286_14,64,64,14,model,5,data/scene/monte0.szs:/map/map/sky.bmd
tex1_512x512_7284401bd4cb6bc0_1,512,512,1,model,1,data/scene/monte0.szs:/map/pollution/pollution00.bmd
tex1_16x16_f8e658b9470784be_14,16,16,14,model,8,data/scene/monte1.szs:/bwanwan/bwanwan_body.bmd
tex1_32x32_a9b0c7357fef32b2_1,32,32,1,model,2,data/scene/monte1.szs:/bwanwan/bwanwan_picket.bmd
tex1_64x64_m_b00c74312cd5475a_14,64,64,14,model,4,data/scene/monte1.szs:/map/map/map.bmd
tex1_512x512_b102877390892d62_1,512,512,1,model,1,data/scene/monte2.szs:/map/pollution/pollution00.bmd
tex1_512x512_f4c4223c5cd61182_1,512,512,1,model,2,data/scene/monte3.szs:/map/pollution/pollution00.bmd
tex1_64x64_e92ec36e8cf47ad8_2,64,64,2,model,10,data/scene/monte4.szs:/egggen/bad_gene_egg_model1.bmd
tex1_64x64_7391107b1234f6c4_0,64,64,0,model,3,data/scene/option.szs:/mapobj/fileloadblockojama.bmd
tex1_32x32_ae8d55dd9b343bea_1,32,32,1,model,7,data/scene/pinnaBeach0.szs:/map/mirror/mirror00.bmd
tex1_256x256_86aa01056d9868ce_1,256,256,1,image,10,data/scene/pinnaBeach0.szs:/map/pollution/pollute00.bti
tex1_512x256_fba148b9f3622294_1,512,256,1,model,5,data/scene/pinnaBeach0.szs:/map/pollution/pollution01.bmd
tex1_32x32_834b42a38b4f8bfa_1,32,32,1,model,15,data/scene/pinnaBeach0.szs:/mapobj/merry.bmd
tex1_16x32_60e6c590fccd8860_3,16,32,3,model,15,data/scene/pinnaBeach0.szs:/sunflowerl/sunflower.bmd
tex1_16x32_9fb22635cb989a40_3,16,32,3,model,5,data/scene/pinnaBeach0.szs:/sunflowerl/sunflower.bmd
tex1_16x32_a9018af5fc32cdd4_1,16,32,1,model,5,data/scene/pinnaBeach0.szs:/sunflowerl/sunflower.bmd
tex1_16x32_aa0b27e49f177dfb_3,16,32,3,model,5,data/scene/pinnaBeach0.szs:/sunflowerl/sunflower.bmd
tex1_16x32_bfe3a9c22a663b4f_3,16,32,3,model,5,data/scene/pinnaBeach0.szs:/sunflowerl/sunflower.bmd
tex1_16x32_01a70d1501d88d9c_3,16,32,3,model,5,data/scene/pinnaBeach0.szs:/sunflowers/sunflower_s.bmd
tex1_16x32_756778709b04417f_3,16,32,3,model,5,data/scene/pinnaBeach0.szs:/sunflowers/sunflower_s.bmd
tex1_16x32_76c428436687f455_3,16,32,3,model,5,data/scene/pinnaBeach0.szs:/sunflowers/sunflower_s.bmd
tex1_16x32_987fc079ddabcc0d_3,16,32,3,model,5,data/scene/pinnaBeach0.szs:/sunflowers/sunflower_s.bmd
tex1_16x32_e69d74c8ca251cbb_3,16,32,3,model,15,data/scene/pinnaBeach0.szs:/sunflowers/sunflower_s.bmd
tex1_32x32_a2c834fec8414848_0,32,32,0,model,9,data/scene/pinnaBeach1.szs:/killer/killer_model1.bmd
tex1_16x32_505fe0fff9ac46ff_14,16,32,14,model,10,data/scene/pinnaBoss0.szs:/map/map/map.bmd
tex1_64x64_1cc443513771447b_14,64,64,14,model,10,data/scene/pinnaBoss0.szs:/map/map/map.bmd
tex1_32x32_m_a185a249c7b80a1e_0,32,32,0,model,4,data/scene/pinnaBoss0.szs:/mapobj/balloonkoopajr.bmd
tex1_64x64_14fc6cb4f7659c5a_1,64,64,1,model,16,data/scene/pinnaParco0.szs:/map/map/gate/05_gate04monte.bmd
tex1_8x8_4f45b555baa90fd9_0,8,8,0,model,50,data/scene/pinnaParco0.szs:/map/map/map.bmd
tex1_16x16_d7396379fe5fef2a_14,16,16,14,model,8,data/scene/pinnaParco0.szs:/map/mirror/mirror00.bmd
tex1_128x256_m_bba31c8377cd33fb_1,128,256,1,model,9,data/scene/ricco0.szs:/map/map/map.bmd
tex1_128x512_f76060aeef85828a_0,128,512,0,model,9,data/scene/ricco0.szs:/map/map/map.bmd
tex1_128x64_7f16d98f00434f66_0,128,64,0,model,36,data/scene/ricco0.szs:/map/map/map.bmd
tex1_32x64_a93dcfa207df7f8e_0,32,64,0,model,18,data/scene/ricco0.szs:/map/map/map.bmd
tex1_64x512_f2fbae74a7a8296b_0,64,512,0,model,9,data/scene/ricco0.szs:/map/map/map.bmd
tex1_256x128_90a641ecfdc9e47a_1,256,128,1,model,2,data/scene/ricco0.szs:/map/map/riccoseapollutions0.bmd
tex1_512x256_ba6f1fd762db7f44_1,512,256,1,model,6,data/scene/ricco0.szs:/map/pollution/pollution00.bmd
tex1_128x128_263804aa7b52e118_1,128,128,1,model,1,data/scene/ricco0.szs:/mapobj/container.bmd
tex1_32x32_m_4cefc664c145879a_1,32,32,1,model,15,data/scene/ricco0.szs:/mapobj/container.bmd
tex1_128x128_m_6b18203e709478b0_14,128,128,14,image,9,data/scene/ricco0.szs:/mapobj/flagriccobuoy.bti
tex1_256x128_0111e3e45d0cc8ae_1,256,128,1,model,1,data/scene/ricco1.szs:/map/map/riccoseapollutions1.bmd
tex1_256x256_m_a389ce8b8eefee90_0,256,256,0,model,4,data/scene/ricco1.szs:/map/pollution/pollution00.bmd
tex1_512x256_eeb618689653a832_1,512,256,1,model,2,data/scene/ricco1.szs:/map/pollution/pollution01.bmd
tex1_16x16_3d335c1d219e298d_0,16,16,0,model,14,data/scene/ricco1.szs:/mapobj/riccohericopter.bmd
tex1_8x8_a4e94d715f6ce7bf_0,8,8,0,model,14,data/scene/ricco1.szs:/mapobj/riccoshipdol.bmd
tex1_128x128_1b1403a1aa9bb33d_1,128,128,1,model,1,data/scene/ricco2.szs:/map/map/riccoseapollutions2.bmd
tex1_256x256_bdfe97dc60d4ff4c_1,256,256,1,model,1,data/scene/ricco2.szs:/map/pollution/pollution00.bmd
tex1_256x128_059fb76b0add58a9_1,256,128,1,model,1,data/scene/ricco3.szs:/map/map/riccoseapollutions3.bmd
tex1_256x256_c7ae82739c7e54c2_1,256,256,1,model,2,data/scene/ricco4.szs:/map/map/riccoseapollutions4.bmd
tex1_256x256_m_b9fd7454cf4ffc99_1,256,256,1,model,50,data/scene/rico_ex0.szs:/map/map/map.bmd
tex1_128x128_m_ba4ee5a584676918_1,128,128,1,model,1,data/scene/rico_ex1.szs:/map/map/map.bmd
tex1_128x256_b4f10b91d1f87d5f_0,128,256,0,model,1,data/scene/rico_ex1.szs:/map/map/map.bmd
tex1_64x64_5b78cf0a93da4071_0,64,64,0,image,1,data/scene/sirena0.szs:/manta/mantatex.bti
tex1_256x256_ac2a69cb029b714e_14,256,256,14,model,8,data/scene/sirena0.szs:/map/map/map.bmd
tex1_128x128_8c7180e7fad769da_1,128,128,1,model,24,data/scene/sirena0.szs:/map/map/sea.bmd
tex1_128x64_18db5ee0b3789973_0,128,64,0,model,8,data/scene/sirena0.szs:/map/map/sea.bmd
tex1_128x128_80d87b808253fd96_1,128,128,1,model,26,data/scene/sirena0.szs:/map/map/sky.bmd
tex1_128x128_037f3de4312ad5ea_1,128,128,1,model,18,data/scene/sirena0.szs:/sunset/glow.bmd
tex1_32x32_24bfe57f2719b907_3,32,32,3,model,9,data/scene/sirena0.szs:/sunset/model.bmd
tex1_64x64_cd839dfd38bedaad_1,64,64,1,model,9,data/scene/sirena0.szs:/sunset/model.bmd
tex1_256x128_m_bfca62833fd2d56f_14,256,128,14,model,6,data/scene/test11.szs:/hinokuri2/hinokuri2_mask_model.bmd
tex1_64x64_09223f92a4d83e02_0,64,64,0,model,2,data/scene/test11.szs:/hinokuri2/hinokuri2_mask_model.bmd
tex1_64x64_2baa9e621b5a58a9_0,64,64,0,model,1,data/scene/test11.szs:/hinokuri2/hinokuri2_mask_model.bmd
tex1_64x64_7cdebf101377f356_0,64,64,0,model,6,data/scene/test11.szs:/hinokuri2/hinokuri2_mask_model.bmd
tex1_128x128_m_796e76c81a31d896_5,128,128,5,model,3,data/scene/test11.szs:/hinokuri2/hinokuri2_model.bmd
tex1_64x64_194961b6f53e8beb_14,64,64,14,model,2,data/scene/test11.szs:/hinokuri2/hinokuri2_model.bmd
tex1_64x64_27eb8a777cfb2621_14,64,64,14,model,2,data/scene/test11.szs:/hinokuri2/hinokuri2_model.bmd
tex1_64x64_70a70dfd95ff4777_14,64,64,14,model,2,data/scene/test11.szs:/hinokuri2/hinokuri2_model.bmd
tex1_128x128_16bfef8bc5b71190_4,128,128,4,model,2,data/scene/test11.szs:/map/map/map.bmd
tex1_128x128_58a2f2305710079c_4,128,128,4,model,2,data/scene/test11.szs:/map/map/map.bmd
tex1_128x128_79c67a94de0227ab_4,128,128,4,model,2,data/scene/test11.szs:/map/map/map.bmd
tex1_128x128_939c50bcb6f97e2d_4,128,128,4,model,2,data/scene/test11.szs:/map/map/map.bmd
tex1_128x128_ef6f7462583a2d87_4,128,128,4,model,2,data/scene/test11.szs:/map/map/map.bmd
tex1_128x128_fb1e4561d47dbc12_4,128,128,4,model,2,data/scene/test11.szs:/map/map/map.bmd
tex1_32x32_1e1be01e3eaeaec7_4,32,32,4,model,2,data/scene/test11.szs:/map/map/map.bmd
tex1_512x256_a999ef852616b163_5,512,256,5,model,2,data/scene/test11.szs:/map/map/sky.bmd
tex1_128x128_m_bd0ed959e4e6a21b_14,128,128,14,model,16,data/scene/test11.szs:/mapobj/breakable_block.bmd
tex1_128x128_0eee9c41c8e40b59_14,128,128,14,model,8,data/scene/test11.szs:/mapobj/drum_can_crash_model.bmd
tex1_64x64_f44d09aa7587705a_3,64,64,3,model,4,data/scene/test11.szs:/mapobj/drum_can_crash_model.bmd
tex1_64x128_m_0d8ee8d1728f3d66_0,64,128,0,model,2,data/scene/test11.szs:/mapobj/soccerball.bmd
tex1_128x128_m_c3e7ef56b3c65346_4,128,128,4,model,3,data/scene/test11.szs:/mapobj/soccergoal_model.bmd
tex1_256x256_m_42432a3310101ee5_14,256,256,14,model,2,data/scene/test11.szs:/mapobj/water_roll_block.bmd
tex1_128x128_m_21df58b98e1b10f6_5,128,128,5,model,7,data/scene/test11.szs:/mapobj/yatai.bmd
tex1_128x128_m_85aa1b10b6daf67c_14,128,128,14,model,2,data/scene/test11.szs:/mapobj/yatai.bmd
tex1_32x32_m_ed21839666680f38_14,32,32,14,model,2,data/scene/test11.szs:/mapobj/yatai.bmd
tex1_256x256_1d54d1b2baceb659_0,256,256,0,font,1,data/title.szs:/font/test_fontex.bfn
tex1_256x256_813a73b10bd9dd8d_0,256,256,0,font,1,data/title.szs:/font/test_fontex.bfn
tex1_256x256_dd21d567d15bd25a_0,256,256,0,font,1,data/title.szs:/font/test_fontex.bfn
tex1_58x52_e0ae90152da75c25_2,58,52,2,image,1,data/title.szs:/timg/j_face.bti
tex1_158x55_5c57cd34ede3f26d_5,158,55,5,image,1,data/title.szs:/timg/j_list_window.bti
tex1_96x12_09d10db38e775b82_5,96,12,5,image,1,data/title.szs:/timg/j_pushstart.bti
tex1_411x128_cf6d5a83bad6d03e_2,411,128,2,image,1,data/title.szs:/timg/j_title_bl.bti
tex1_256x32_5aa2d4af93f922e7_5,256,32,5,image,1,data/title.szs:/timg/list_window.bti
